[
  {
    "keyword": "Feature",
    "name": "Ofertas",
    "line": 1,
    "id": "ofertas",
    "tags": [],
    "uri": "ofertas.feature",
    "elements": [
      {
        "id": "ofertas;nova-oferta-(compra-/-milho-/-usd)",
        "keyword": "Scenario",
        "line": 30,
        "name": "Nova Oferta (Compra / Milho / USD)",
        "tags": [],
        "type": "scenario",
        "steps": [
          {
            "arguments": [],
            "keyword": "Given ",
            "line": 4,
            "name": "acesso o portal MERX",
            "result": {
              "status": "passed",
              "duration": 8124000000
            }
          },
          {
            "arguments": [],
            "keyword": "And ",
            "line": 5,
            "name": "logo com perfil \"JEAN\"",
            "result": {
              "status": "passed",
              "duration": 1200000000
            }
          },
          {
            "arguments": [],
            "keyword": "Given ",
            "line": 8,
            "name": "acesso a funcionalidade \"Ofertas de Compra e Venda\"",
            "result": {
              "status": "passed",
              "duration": 6620000000
            }
          },
          {
            "arguments": [],
            "keyword": "When ",
            "line": 9,
            "name": "clico em \"Nova Oferta\"",
            "result": {
              "status": "passed",
              "duration": 348000000
            }
          },
          {
            "arguments": [],
            "keyword": "And ",
            "line": 10,
            "name": "preencho o campo \"tipo\" com \"Compra\"",
            "result": {
              "status": "passed",
              "duration": 9554000000
            }
          },
          {
            "arguments": [],
            "keyword": "And ",
            "line": 11,
            "name": "preencho o campo \"produto\" com \"Milho\"",
            "result": {
              "status": "passed",
              "duration": 352000000
            }
          },
          {
            "arguments": [],
            "keyword": "And ",
            "line": 12,
            "name": "preencho o campo \"modalidade\" com \"Disponível\"",
            "result": {
              "status": "passed",
              "duration": 319000000
            }
          },
          {
            "arguments": [],
            "keyword": "And ",
            "line": 13,
            "name": "preencho o campo \"preco\" com \"numeroAletorio\"",
            "result": {
              "status": "passed",
              "duration": 399000000
            }
          },
          {
            "arguments": [],
            "keyword": "And ",
            "line": 14,
            "name": "preencho o campo \"moeda\" com \"USD\"",
            "result": {
              "status": "passed",
              "duration": 297000000
            }
          },
          {
            "arguments": [],
            "keyword": "And ",
            "line": 15,
            "name": "preencho o campo \"medida\" com \"Saca(s)\"",
            "result": {
              "status": "passed",
              "duration": 321000000
            }
          },
          {
            "arguments": [],
            "keyword": "And ",
            "line": 16,
            "name": "preencho o campo \"frete\" com \"CIF\"",
            "result": {
              "status": "passed",
              "duration": 329000000
            }
          },
          {
            "arguments": [],
            "keyword": "And ",
            "line": 17,
            "name": "preencho o campo \"volume_minimo\" com \"9\"",
            "result": {
              "status": "passed",
              "duration": 347000000
            }
          },
          {
            "arguments": [],
            "keyword": "And ",
            "line": 18,
            "name": "preencho o campo \"volume_maximo\" com \"999\"",
            "result": {
              "status": "passed",
              "duration": 282000000
            }
          },
          {
            "arguments": [],
            "keyword": "And ",
            "line": 19,
            "name": "preencho o campo \"safra\" com \"2022/2023\"",
            "result": {
              "status": "passed",
              "duration": 336000000
            }
          },
          {
            "arguments": [],
            "keyword": "And ",
            "line": 20,
            "name": "preencho o campo \"unidade\" com \"Armazem do Lago\"",
            "result": {
              "status": "passed",
              "duration": 355000000
            }
          },
          {
            "arguments": [],
            "keyword": "And ",
            "line": 21,
            "name": "preencho o campo \"descricao\" com \"textoAleatorio\"",
            "result": {
              "status": "passed",
              "duration": 482000000
            }
          },
          {
            "arguments": [],
            "keyword": "And ",
            "line": 22,
            "name": "clico em \"Criar\"",
            "result": {
              "status": "passed",
              "duration": 170000000
            }
          },
          {
            "arguments": [],
            "keyword": "And ",
            "line": 23,
            "name": "seleciono a carteira \"Nova Preprod\"",
            "result": {
              "status": "passed",
              "duration": 3177000000
            }
          },
          {
            "arguments": [],
            "keyword": "And ",
            "line": 24,
            "name": "clico em \"Fernando Suzuki Test; ProdOne JeanSocial\"",
            "result": {
              "status": "passed",
              "duration": 1754000000
            }
          },
          {
            "arguments": [],
            "keyword": "And ",
            "line": 25,
            "name": "clico em \"Enviar\"",
            "result": {
              "status": "passed",
              "duration": 188000000
            }
          },
          {
            "arguments": [],
            "keyword": "And ",
            "line": 26,
            "name": "clico em \"Ok\"",
            "result": {
              "status": "passed",
              "duration": 223000000
            }
          },
          {
            "arguments": [],
            "keyword": "Then ",
            "line": 27,
            "name": "a mensagem \"Oferta enviada com sucesso!\" deve ser mostrada",
            "result": {
              "status": "passed",
              "duration": 3347000000
            }
          }
        ]
      },
      {
        "id": "ofertas;nova-oferta-(compra-/-soja-/-brl)",
        "keyword": "Scenario",
        "line": 31,
        "name": "Nova Oferta (Compra / Soja / BRL)",
        "tags": [],
        "type": "scenario",
        "steps": [
          {
            "arguments": [],
            "keyword": "Given ",
            "line": 4,
            "name": "acesso o portal MERX",
            "result": {
              "status": "passed",
              "duration": 2521000000
            }
          },
          {
            "arguments": [],
            "keyword": "And ",
            "line": 5,
            "name": "logo com perfil \"JEAN\"",
            "result": {
              "status": "passed",
              "duration": 1170000000
            }
          },
          {
            "arguments": [],
            "keyword": "Given ",
            "line": 8,
            "name": "acesso a funcionalidade \"Ofertas de Compra e Venda\"",
            "result": {
              "status": "passed",
              "duration": 3385000000
            }
          },
          {
            "arguments": [],
            "keyword": "When ",
            "line": 9,
            "name": "clico em \"Nova Oferta\"",
            "result": {
              "status": "passed",
              "duration": 276000000
            }
          },
          {
            "arguments": [],
            "keyword": "And ",
            "line": 10,
            "name": "preencho o campo \"tipo\" com \"Compra\"",
            "result": {
              "status": "passed",
              "duration": 4888000000
            }
          },
          {
            "arguments": [],
            "keyword": "And ",
            "line": 11,
            "name": "preencho o campo \"produto\" com \"Soja\"",
            "result": {
              "status": "passed",
              "duration": 322000000
            }
          },
          {
            "arguments": [],
            "keyword": "And ",
            "line": 12,
            "name": "preencho o campo \"modalidade\" com \"Balcão\"",
            "result": {
              "status": "passed",
              "duration": 301000000
            }
          },
          {
            "arguments": [],
            "keyword": "And ",
            "line": 13,
            "name": "preencho o campo \"preco\" com \"numeroAletorio\"",
            "result": {
              "status": "passed",
              "duration": 428000000
            }
          },
          {
            "arguments": [],
            "keyword": "And ",
            "line": 14,
            "name": "preencho o campo \"moeda\" com \"BRL\"",
            "result": {
              "status": "passed",
              "duration": 281000000
            }
          },
          {
            "arguments": [],
            "keyword": "And ",
            "line": 15,
            "name": "preencho o campo \"medida\" com \"Saca(s)\"",
            "result": {
              "status": "passed",
              "duration": 324000000
            }
          },
          {
            "arguments": [],
            "keyword": "And ",
            "line": 16,
            "name": "preencho o campo \"frete\" com \"CIF\"",
            "result": {
              "status": "passed",
              "duration": 387000000
            }
          },
          {
            "arguments": [],
            "keyword": "And ",
            "line": 17,
            "name": "preencho o campo \"volume_minimo\" com \"1\"",
            "result": {
              "status": "passed",
              "duration": 358000000
            }
          },
          {
            "arguments": [],
            "keyword": "And ",
            "line": 18,
            "name": "preencho o campo \"volume_maximo\" com \"111\"",
            "result": {
              "status": "passed",
              "duration": 266000000
            }
          },
          {
            "arguments": [],
            "keyword": "And ",
            "line": 19,
            "name": "preencho o campo \"safra\" com \"2023 - Safrinha\"",
            "result": {
              "status": "passed",
              "duration": 368000000
            }
          },
          {
            "arguments": [],
            "keyword": "And ",
            "line": 20,
            "name": "preencho o campo \"unidade\" com \"Armazem do Lago\"",
            "result": {
              "status": "passed",
              "duration": 343000000
            }
          },
          {
            "arguments": [],
            "keyword": "And ",
            "line": 21,
            "name": "preencho o campo \"descricao\" com \"textoAleatorio\"",
            "result": {
              "status": "passed",
              "duration": 500000000
            }
          },
          {
            "arguments": [],
            "keyword": "And ",
            "line": 22,
            "name": "clico em \"Criar\"",
            "result": {
              "status": "passed",
              "duration": 192000000
            }
          },
          {
            "arguments": [],
            "keyword": "And ",
            "line": 23,
            "name": "seleciono a carteira \"Nova Preprod\"",
            "result": {
              "status": "passed",
              "duration": 2428000000
            }
          },
          {
            "arguments": [],
            "keyword": "And ",
            "line": 24,
            "name": "clico em \"Fernando Suzuki Test; Producer Company\"",
            "result": {
              "status": "passed",
              "duration": 1027000000
            }
          },
          {
            "arguments": [],
            "keyword": "And ",
            "line": 25,
            "name": "clico em \"Enviar\"",
            "result": {
              "status": "passed",
              "duration": 188000000
            }
          },
          {
            "arguments": [],
            "keyword": "And ",
            "line": 26,
            "name": "clico em \"Ok\"",
            "result": {
              "status": "passed",
              "duration": 231000000
            }
          },
          {
            "arguments": [],
            "keyword": "Then ",
            "line": 27,
            "name": "a mensagem \"Oferta enviada com sucesso!\" deve ser mostrada",
            "result": {
              "status": "passed",
              "duration": 2411000000
            }
          }
        ]
      },
      {
        "id": "ofertas;nova-oferta-(fixação-/-milho-/-usd)",
        "keyword": "Scenario",
        "line": 56,
        "name": "Nova Oferta (Fixação / Milho / USD)",
        "tags": [],
        "type": "scenario",
        "steps": [
          {
            "arguments": [],
            "keyword": "Given ",
            "line": 4,
            "name": "acesso o portal MERX",
            "result": {
              "status": "passed",
              "duration": 2153000000
            }
          },
          {
            "arguments": [],
            "keyword": "And ",
            "line": 5,
            "name": "logo com perfil \"JEAN\"",
            "result": {
              "status": "passed",
              "duration": 1114000000
            }
          },
          {
            "arguments": [],
            "keyword": "Given ",
            "line": 35,
            "name": "acesso a funcionalidade \"Ofertas de Compra e Venda\"",
            "result": {
              "status": "passed",
              "duration": 3505000000
            }
          },
          {
            "arguments": [],
            "keyword": "When ",
            "line": 36,
            "name": "clico em \"Nova Oferta\"",
            "result": {
              "status": "passed",
              "duration": 262000000
            }
          },
          {
            "arguments": [],
            "keyword": "And ",
            "line": 37,
            "name": "preencho o campo \"tipo\" com \"Fixação\"",
            "result": {
              "status": "passed",
              "duration": 5031000000
            }
          },
          {
            "arguments": [],
            "keyword": "And ",
            "line": 38,
            "name": "preencho o campo \"produto\" com \"Milho\"",
            "result": {
              "status": "passed",
              "duration": 340000000
            }
          },
          {
            "arguments": [],
            "keyword": "And ",
            "line": 39,
            "name": "preencho o campo \"modalidade\" com \"Disponível\"",
            "result": {
              "status": "passed",
              "duration": 295000000
            }
          },
          {
            "arguments": [],
            "keyword": "And ",
            "line": 40,
            "name": "preencho o campo \"preco\" com \"numeroAletorio\"",
            "result": {
              "status": "passed",
              "duration": 403000000
            }
          },
          {
            "arguments": [],
            "keyword": "And ",
            "line": 41,
            "name": "preencho o campo \"moeda\" com \"USD\"",
            "result": {
              "status": "passed",
              "duration": 311000000
            }
          },
          {
            "arguments": [],
            "keyword": "And ",
            "line": 42,
            "name": "preencho o campo \"medida\" com \"Saca(s)\"",
            "result": {
              "status": "passed",
              "duration": 322000000
            }
          },
          {
            "arguments": [],
            "keyword": "And ",
            "line": 43,
            "name": "preencho o campo \"volume_minimo\" com \"3\"",
            "result": {
              "status": "passed",
              "duration": 318000000
            }
          },
          {
            "arguments": [],
            "keyword": "And ",
            "line": 44,
            "name": "preencho o campo \"volume_maximo\" com \"3333\"",
            "result": {
              "status": "passed",
              "duration": 289000000
            }
          },
          {
            "arguments": [],
            "keyword": "And ",
            "line": 45,
            "name": "preencho o campo \"safra\" com \"2022/2023\"",
            "result": {
              "status": "passed",
              "duration": 326000000
            }
          },
          {
            "arguments": [],
            "keyword": "And ",
            "line": 46,
            "name": "preencho o campo \"unidade\" com \"Armazem do Lago\"",
            "result": {
              "status": "passed",
              "duration": 329000000
            }
          },
          {
            "arguments": [],
            "keyword": "And ",
            "line": 47,
            "name": "preencho o campo \"descricao\" com \"textoAleatorio\"",
            "result": {
              "status": "passed",
              "duration": 470000000
            }
          },
          {
            "arguments": [],
            "keyword": "And ",
            "line": 48,
            "name": "clico em \"Criar\"",
            "result": {
              "status": "passed",
              "duration": 163000000
            }
          },
          {
            "arguments": [],
            "keyword": "And ",
            "line": 49,
            "name": "seleciono a carteira \"Nova Preprod\"",
            "result": {
              "status": "passed",
              "duration": 2702000000
            }
          },
          {
            "arguments": [],
            "keyword": "And ",
            "line": 50,
            "name": "clico em \"Selecionar todos\"",
            "result": {
              "status": "passed",
              "duration": 906000000
            }
          },
          {
            "arguments": [],
            "keyword": "And ",
            "line": 51,
            "name": "clico em \"Enviar\"",
            "result": {
              "status": "passed",
              "duration": 205000000
            }
          },
          {
            "arguments": [],
            "keyword": "And ",
            "line": 52,
            "name": "clico em \"Ok\"",
            "result": {
              "status": "passed",
              "duration": 212000000
            }
          },
          {
            "arguments": [],
            "keyword": "Then ",
            "line": 53,
            "name": "a mensagem \"Oferta enviada com sucesso!\" deve ser mostrada",
            "result": {
              "status": "passed",
              "duration": 3439000000
            }
          }
        ]
      },
      {
        "id": "ofertas;nova-oferta-(fixação-/-soja-/-brl)",
        "keyword": "Scenario",
        "line": 57,
        "name": "Nova Oferta (Fixação / Soja / BRL)",
        "tags": [],
        "type": "scenario",
        "steps": [
          {
            "arguments": [],
            "keyword": "Given ",
            "line": 4,
            "name": "acesso o portal MERX",
            "result": {
              "status": "passed",
              "duration": 2126000000
            }
          },
          {
            "arguments": [],
            "keyword": "And ",
            "line": 5,
            "name": "logo com perfil \"JEAN\"",
            "result": {
              "status": "passed",
              "duration": 1115000000
            }
          },
          {
            "arguments": [],
            "keyword": "Given ",
            "line": 35,
            "name": "acesso a funcionalidade \"Ofertas de Compra e Venda\"",
            "result": {
              "status": "passed",
              "duration": 3602000000
            }
          },
          {
            "arguments": [],
            "keyword": "When ",
            "line": 36,
            "name": "clico em \"Nova Oferta\"",
            "result": {
              "status": "passed",
              "duration": 259000000
            }
          },
          {
            "arguments": [],
            "keyword": "And ",
            "line": 37,
            "name": "preencho o campo \"tipo\" com \"Fixação\"",
            "result": {
              "status": "passed",
              "duration": 5161000000
            }
          },
          {
            "arguments": [],
            "keyword": "And ",
            "line": 38,
            "name": "preencho o campo \"produto\" com \"Soja\"",
            "result": {
              "status": "passed",
              "duration": 307000000
            }
          },
          {
            "arguments": [],
            "keyword": "And ",
            "line": 39,
            "name": "preencho o campo \"modalidade\" com \"Balcão\"",
            "result": {
              "status": "passed",
              "duration": 423000000
            }
          },
          {
            "arguments": [],
            "keyword": "And ",
            "line": 40,
            "name": "preencho o campo \"preco\" com \"numeroAletorio\"",
            "result": {
              "status": "passed",
              "duration": 418000000
            }
          },
          {
            "arguments": [],
            "keyword": "And ",
            "line": 41,
            "name": "preencho o campo \"moeda\" com \"BRL\"",
            "result": {
              "status": "passed",
              "duration": 312000000
            }
          },
          {
            "arguments": [],
            "keyword": "And ",
            "line": 42,
            "name": "preencho o campo \"medida\" com \"Saca(s)\"",
            "result": {
              "status": "passed",
              "duration": 311000000
            }
          },
          {
            "arguments": [],
            "keyword": "And ",
            "line": 43,
            "name": "preencho o campo \"volume_minimo\" com \"10\"",
            "result": {
              "status": "passed",
              "duration": 327000000
            }
          },
          {
            "arguments": [],
            "keyword": "And ",
            "line": 44,
            "name": "preencho o campo \"volume_maximo\" com \"101010\"",
            "result": {
              "status": "passed",
              "duration": 375000000
            }
          },
          {
            "arguments": [],
            "keyword": "And ",
            "line": 45,
            "name": "preencho o campo \"safra\" com \"2022 - Safrinha\"",
            "result": {
              "status": "passed",
              "duration": 339000000
            }
          },
          {
            "arguments": [],
            "keyword": "And ",
            "line": 46,
            "name": "preencho o campo \"unidade\" com \"Armazem do Lago\"",
            "result": {
              "status": "passed",
              "duration": 343000000
            }
          },
          {
            "arguments": [],
            "keyword": "And ",
            "line": 47,
            "name": "preencho o campo \"descricao\" com \"textoAleatorio\"",
            "result": {
              "status": "passed",
              "duration": 466000000
            }
          },
          {
            "arguments": [],
            "keyword": "And ",
            "line": 48,
            "name": "clico em \"Criar\"",
            "result": {
              "status": "passed",
              "duration": 184000000
            }
          },
          {
            "arguments": [],
            "keyword": "And ",
            "line": 49,
            "name": "seleciono a carteira \"Nova Preprod\"",
            "result": {
              "status": "passed",
              "duration": 2896000000
            }
          },
          {
            "arguments": [],
            "keyword": "And ",
            "line": 50,
            "name": "clico em \"Fernando Suzuki Test; Producer Company\"",
            "result": {
              "status": "passed",
              "duration": 1105000000
            }
          },
          {
            "arguments": [],
            "keyword": "And ",
            "line": 51,
            "name": "clico em \"Enviar\"",
            "result": {
              "status": "passed",
              "duration": 218000000
            }
          },
          {
            "arguments": [],
            "keyword": "And ",
            "line": 52,
            "name": "clico em \"Ok\"",
            "result": {
              "status": "passed",
              "duration": 249000000
            }
          },
          {
            "arguments": [],
            "keyword": "Then ",
            "line": 53,
            "name": "a mensagem \"Oferta enviada com sucesso!\" deve ser mostrada",
            "result": {
              "status": "passed",
              "duration": 2855000000
            }
          }
        ]
      },
      {
        "id": "ofertas;nova-oferta-(compra-/-1-produtor-/-oferta-confirmada)",
        "keyword": "Scenario",
        "line": 83,
        "name": "Nova Oferta (Compra / 1 produtor / Oferta Confirmada)",
        "tags": [],
        "type": "scenario",
        "steps": [
          {
            "arguments": [],
            "keyword": "Given ",
            "line": 4,
            "name": "acesso o portal MERX",
            "result": {
              "status": "passed",
              "duration": 4426000000
            }
          },
          {
            "arguments": [],
            "keyword": "And ",
            "line": 5,
            "name": "logo com perfil \"JEAN\"",
            "result": {
              "status": "passed",
              "duration": 1101000000
            }
          },
          {
            "arguments": [],
            "keyword": "Given ",
            "line": 60,
            "name": "acesso a funcionalidade \"Ofertas de Compra e Venda\"",
            "result": {
              "status": "passed",
              "duration": 3605000000
            }
          },
          {
            "arguments": [],
            "keyword": "When ",
            "line": 61,
            "name": "clico em \"Nova Oferta\"",
            "result": {
              "status": "passed",
              "duration": 260000000
            }
          },
          {
            "arguments": [],
            "keyword": "And ",
            "line": 62,
            "name": "preencho o campo \"tipo\" com \"Compra\"",
            "result": {
              "status": "passed",
              "duration": 5849000000
            }
          },
          {
            "arguments": [],
            "keyword": "And ",
            "line": 63,
            "name": "preencho o campo \"produto\" com \"Milho\"",
            "result": {
              "status": "passed",
              "duration": 327000000
            }
          },
          {
            "arguments": [],
            "keyword": "And ",
            "line": 64,
            "name": "preencho o campo \"modalidade\" com \"Disponível\"",
            "result": {
              "status": "passed",
              "duration": 311000000
            }
          },
          {
            "arguments": [],
            "keyword": "And ",
            "line": 65,
            "name": "preencho o campo \"preco\" com \"numeroAletorio\"",
            "result": {
              "status": "passed",
              "duration": 433000000
            }
          },
          {
            "arguments": [],
            "keyword": "And ",
            "line": 66,
            "name": "preencho o campo \"moeda\" com \"USD\"",
            "result": {
              "status": "passed",
              "duration": 312000000
            }
          },
          {
            "arguments": [],
            "keyword": "And ",
            "line": 67,
            "name": "preencho o campo \"medida\" com \"Saca(s)\"",
            "result": {
              "status": "passed",
              "duration": 311000000
            }
          },
          {
            "arguments": [],
            "keyword": "And ",
            "line": 68,
            "name": "preencho o campo \"frete\" com \"CIF\"",
            "result": {
              "status": "passed",
              "duration": 356000000
            }
          },
          {
            "arguments": [],
            "keyword": "And ",
            "line": 69,
            "name": "preencho o campo \"volume_minimo\" com \"222\"",
            "result": {
              "status": "passed",
              "duration": 376000000
            }
          },
          {
            "arguments": [],
            "keyword": "And ",
            "line": 70,
            "name": "preencho o campo \"volume_maximo\" com \"222\"",
            "result": {
              "status": "passed",
              "duration": 257000000
            }
          },
          {
            "arguments": [],
            "keyword": "And ",
            "line": 71,
            "name": "preencho o campo \"safra\" com \"2021/2022\"",
            "result": {
              "status": "passed",
              "duration": 313000000
            }
          },
          {
            "arguments": [],
            "keyword": "And ",
            "line": 72,
            "name": "preencho o campo \"unidade\" com \"Armazem do Lago\"",
            "result": {
              "status": "passed",
              "duration": 351000000
            }
          },
          {
            "arguments": [],
            "keyword": "And ",
            "line": 73,
            "name": "preencho o campo \"descricao\" com \"Compra com 1 produtor.\"",
            "result": {
              "status": "passed",
              "duration": 644000000
            }
          },
          {
            "arguments": [],
            "keyword": "And ",
            "line": 74,
            "name": "clico em \"Criar\"",
            "result": {
              "status": "passed",
              "duration": 182000000
            }
          },
          {
            "arguments": [],
            "keyword": "And ",
            "line": 75,
            "name": "seleciono a carteira \"Nova Preprod\"",
            "result": {
              "status": "passed",
              "duration": 2906000000
            }
          },
          {
            "arguments": [],
            "keyword": "And ",
            "line": 76,
            "name": "clico em \"ProdOne JeanSocial\"",
            "result": {
              "status": "passed",
              "duration": 912000000
            }
          },
          {
            "arguments": [],
            "keyword": "And ",
            "line": 77,
            "name": "clico em \"Enviar\"",
            "result": {
              "status": "passed",
              "duration": 202000000
            }
          },
          {
            "arguments": [],
            "keyword": "And ",
            "line": 78,
            "name": "clico em \"Ok\"",
            "result": {
              "status": "passed",
              "duration": 215000000
            }
          },
          {
            "arguments": [],
            "keyword": "And ",
            "line": 79,
            "name": "clico em \"Oferta Confirmada\"",
            "result": {
              "status": "passed",
              "duration": 218000000
            }
          },
          {
            "arguments": [],
            "keyword": "Then ",
            "line": 80,
            "name": "a mensagem \"Oferta enviada com sucesso!\" deve ser mostrada",
            "result": {
              "status": "passed",
              "duration": 6328000000
            }
          }
        ]
      },
      {
        "id": "ofertas;nova-oferta-(compra-/-1-produtor-/-oferta-para-negociação)",
        "keyword": "Scenario",
        "line": 84,
        "name": "Nova Oferta (Compra / 1 produtor / Oferta para Negociação)",
        "tags": [],
        "type": "scenario",
        "steps": [
          {
            "arguments": [],
            "keyword": "Given ",
            "line": 4,
            "name": "acesso o portal MERX",
            "result": {
              "status": "passed",
              "duration": 2304000000
            }
          },
          {
            "arguments": [],
            "keyword": "And ",
            "line": 5,
            "name": "logo com perfil \"JEAN\"",
            "result": {
              "status": "passed",
              "duration": 1122000000
            }
          },
          {
            "arguments": [],
            "keyword": "Given ",
            "line": 60,
            "name": "acesso a funcionalidade \"Ofertas de Compra e Venda\"",
            "result": {
              "status": "passed",
              "duration": 3338000000
            }
          },
          {
            "arguments": [],
            "keyword": "When ",
            "line": 61,
            "name": "clico em \"Nova Oferta\"",
            "result": {
              "status": "passed",
              "duration": 293000000
            }
          },
          {
            "arguments": [],
            "keyword": "And ",
            "line": 62,
            "name": "preencho o campo \"tipo\" com \"Compra\"",
            "result": {
              "status": "passed",
              "duration": 4909000000
            }
          },
          {
            "arguments": [],
            "keyword": "And ",
            "line": 63,
            "name": "preencho o campo \"produto\" com \"Milho\"",
            "result": {
              "status": "passed",
              "duration": 378000000
            }
          },
          {
            "arguments": [],
            "keyword": "And ",
            "line": 64,
            "name": "preencho o campo \"modalidade\" com \"Disponível\"",
            "result": {
              "status": "passed",
              "duration": 323000000
            }
          },
          {
            "arguments": [],
            "keyword": "And ",
            "line": 65,
            "name": "preencho o campo \"preco\" com \"numeroAletorio\"",
            "result": {
              "status": "passed",
              "duration": 432000000
            }
          },
          {
            "arguments": [],
            "keyword": "And ",
            "line": 66,
            "name": "preencho o campo \"moeda\" com \"USD\"",
            "result": {
              "status": "passed",
              "duration": 292000000
            }
          },
          {
            "arguments": [],
            "keyword": "And ",
            "line": 67,
            "name": "preencho o campo \"medida\" com \"Saca(s)\"",
            "result": {
              "status": "passed",
              "duration": 310000000
            }
          },
          {
            "arguments": [],
            "keyword": "And ",
            "line": 68,
            "name": "preencho o campo \"frete\" com \"CIF\"",
            "result": {
              "status": "passed",
              "duration": 331000000
            }
          },
          {
            "arguments": [],
            "keyword": "And ",
            "line": 69,
            "name": "preencho o campo \"volume_minimo\" com \"222\"",
            "result": {
              "status": "passed",
              "duration": 371000000
            }
          },
          {
            "arguments": [],
            "keyword": "And ",
            "line": 70,
            "name": "preencho o campo \"volume_maximo\" com \"222\"",
            "result": {
              "status": "passed",
              "duration": 265000000
            }
          },
          {
            "arguments": [],
            "keyword": "And ",
            "line": 71,
            "name": "preencho o campo \"safra\" com \"2021/2022\"",
            "result": {
              "status": "passed",
              "duration": 330000000
            }
          },
          {
            "arguments": [],
            "keyword": "And ",
            "line": 72,
            "name": "preencho o campo \"unidade\" com \"Armazem do Lago\"",
            "result": {
              "status": "passed",
              "duration": 341000000
            }
          },
          {
            "arguments": [],
            "keyword": "And ",
            "line": 73,
            "name": "preencho o campo \"descricao\" com \"Compra com 1 produtor.\"",
            "result": {
              "status": "passed",
              "duration": 616000000
            }
          },
          {
            "arguments": [],
            "keyword": "And ",
            "line": 74,
            "name": "clico em \"Criar\"",
            "result": {
              "status": "passed",
              "duration": 170000000
            }
          },
          {
            "arguments": [],
            "keyword": "And ",
            "line": 75,
            "name": "seleciono a carteira \"Nova Preprod\"",
            "result": {
              "status": "passed",
              "duration": 2756000000
            }
          },
          {
            "arguments": [],
            "keyword": "And ",
            "line": 76,
            "name": "clico em \"ProdOne JeanSocial\"",
            "result": {
              "status": "passed",
              "duration": 884000000
            }
          },
          {
            "arguments": [],
            "keyword": "And ",
            "line": 77,
            "name": "clico em \"Enviar\"",
            "result": {
              "status": "passed",
              "duration": 199000000
            }
          },
          {
            "arguments": [],
            "keyword": "And ",
            "line": 78,
            "name": "clico em \"Ok\"",
            "result": {
              "status": "passed",
              "duration": 185000000
            }
          },
          {
            "arguments": [],
            "keyword": "And ",
            "line": 79,
            "name": "clico em \"Oferta para Negociação\"",
            "result": {
              "status": "passed",
              "duration": 202000000
            }
          },
          {
            "arguments": [],
            "keyword": "Then ",
            "line": 80,
            "name": "a mensagem \"Oferta enviada com sucesso!\" deve ser mostrada",
            "result": {
              "status": "passed",
              "duration": 2278000000
            }
          }
        ]
      }
    ]
  }
]